address,blocktime
0x0b2c639c533813f4aa9d7837caf62653d097ff85,109731878
0x4200000000000000000000000000000000000006,10078905
0x3f56e0c36d275367b8c502090edf38289b3dea0d,20300236
0x7F5c764cBc14f9669B88837ca1490cCa17c31607,105896880
0x8aE125E8653821E851F12A49F7765db9a9ce7384,105896880
0x8c6f28f2F1A3C87F0f938b96d27520d9751ec8d9,105896880
0x1F32b1c2345538c0c6f582fCB022739c4A194Ebb,105896880
0x9Bcef72be871e61ED4fBbc7630889beE758eb81D,105896880
0x340fE1D898ECCAad394e2ba0fC1F93d27c7b717A,105896880
0xdFA46478F9e5EA86d57387849598dbFB2e964b02,105896880
0x73cb180bf0521828d8849bc8CF2B920918e23032,105896880
0xDA10009cBd5D07dd0CeCc66161FC93D7c9000da1,105896880
0x296F55F8Fb28E498B858d0BcDA06D955B2Cb3f97,105896880
0xc40F949F8a4e094D1b49a23ea9241D289B7b2819,105896880
0x6806411765Af15Bddd26f8f544A34cC40cb9838B,105896880
0xbfD291DA8A403DAAF7e5E9DC1ec0aCEaCd4848B9,105896880
0xdb4eA87fF83eB1c80b8976FC47731Da6a31D35e5,105896880
0x2E3D870790dC77A83DD1d18184Acc7439A53f475,105896880
0xc5b001DC33727F8F26880B184090D3E252470D45,105896880
0xCa0E54b636DB823847B29F506BFFEE743F57729D,105896880
0x3E29D3A9316dAB217754d13b28646B76607c5f04,105896880
0x970D50d09F3a656b43E11B0D45241a84e3a6e011,105896880
0xCB8FA9a76b8e203D8C3797bF438d8FB81Ea3326A,105896880
0xB153FB3d196A8eB25522705560ac152eeEc57901,105896880
0xE405de8F52ba7559f9df3C368500B6E6ae6Cee49,105896880
0x94b008aA00579c1307B0EF2c499aD98a8ce58e58,105896880
0x920Cf626a271321C151D027030D5d08aF699456b,105896880
0x484c2D6e3cDd945a8B2DF735e079178C1036578c,105896880
0x217D47011b23BB961eB6D93cA9945B7501a5BB11,105896880
0x4E720DD3Ac5CFe1e1fbDE4935f386Bb1C66F4642,105896880
0xB0B195aEFA3650A6908f15CdaC7D92F8a5791B0B,105896880
0x3417E54A51924C225330f8770514aD5560B9098D,105896880
0x5d47bAbA0d66083C52009271faF3F50DCc01023C,105896880
0x1DB2466d9F5e10D7090E7152B68d62703a2245F0,105896880
0x50c5725949A6F0c72E6C4a641F24049A917DB0Cb,105896880
0x9485aca5bbBE1667AD97c7fE7C4531a624C8b1ED,105896880
0x8700dAec35aF8Ff88c16BdF0418774CB3D7599B4,105896880
0x375488F097176507e39B9653b88FDc52cDE736Bf,105896880
0xFdb794692724153d1488CcdBE0C56c252596735F,105896880
0x79AF5dd14e855823FA3E9ECAcdF001D99647d043,105896880
0xAF9fE3B5cCDAe78188B1F8b9a49Da7ae9510F151,105896880
0x1610e3c85dd44Af31eD7f33a63642012Dca0C5A5,105896880
0x9e1028F5F1D5eDE59748FFceE5532509976840E0,105896880
0xFBc4198702E81aE77c06D58f81b629BDf36f0a71,105896880
0xa50B23cDfB2eC7c590e84f403256f67cE6dffB84,105896880
0x46f21fDa29F1339e0aB543763FF683D399e393eC,105896880
0x929B939f8524c3Be977af57A4A0aD3fb1E374b50,105896880
0xc5102fE9359FD9a28f877a67E36B0F050d81a3CC,105896880
0x7aE97042a4A0eB4D1eB370C34BfEC71042a056B7,105896880
0x9e5AAC1Ba1a2e6aEd6b32689DFcF62A509Ca96f3,105896880
0x39FdE572a18448F8139b7788099F0a0740f51205,105896880
0xc3864f98f2a61A7cAeb95b039D031b4E2f55e0e9,105896880
0x9a2e53158e12BC09270Af10C16A466cb2b5D7836,105896880
0xa00E3A3511aAC35cA78530c85007AFCd31753819,105896880
0x00a35FD824c717879BF370E70AC6868b95870Dfb,105896880
0x15e770B95Edd73fD96b02EcE0266247D50895E76,105896880
0xfDeFFc7Ad816BF7867C642dF7eBC2CC5554ec265,105896880
0xB0ae108669CEB86E9E98e8fE9e40d98b867855fD,105896880
0x676f784d19c7F1Ac6C6BeaeaaC78B02a73427852,105896880
0x6c2f7b6110a37b3B0fbdd811876be368df02E8B0,105896880
0x47536F17F4fF30e64A96a7555826b8f9e66ec468,105896880
0x2513486f18eeE1498D7b6281f668B955181Dd0D9,105896880
0x12ff4a259e14D4DCd239C447D23C9b00F7781d8F,105896880
0xC26921B5b9ee80773774d36C84328ccb22c3a819,105896880
0xcB59a0A753fDB7491d5F3D794316F1adE197B21E,105896880
0x67CCEA5bb16181E7b4109c9c2143c24a1c2205Be,105896880
0x3e7eF8f50246f725885102E8238CBba33F276747,105896880
0x374Ad0f47F4ca39c78E5Cc54f1C9e426FF8f231A,105896880
0xD8737CA46aa6285dE7B8777a8e3db232911baD41,105896880
0xfD389Dc9533717239856190F42475d3f263a270d,105896880
0x395Ae52bB17aef68C2888d941736A71dC6d4e125,105896880
0x3F56e0c36d275367b8C502090EDF38289b3dEa0d,105896880
0x68f180fcCe6836688e9084f035309E29Bf0A2095,105896880
0xE3AB61371ECc88534C522922a026f2296116C109,105896880
0x298B9B95708152ff6968aafd889c6586e9169f1D,105896880
0x8B21e9b7dAF2c4325bf3D18c1BeB79A347fE902A,105896880
0x9C9e5fD8bbc25984B178FdCE6117Defa39d2db39,105896880
0x10010078a54396F62c96dF8532dc2B4847d47ED3,105896880
0x61BAADcF22d2565B0F471b291C475db5555e0b76,105896880
0x9560e827aF36c94D2Ac33a39bCE1Fe78631088Db,105896880
0x85f6583762Bc76d775eAB9A7456db344f12409F7,105930814
0xF1a0DA3367BC7aa04F8D94BA57B862ff37CeD174,105974579
0x74ccbe53F77b08632ce0CB91D3A545bF6B8E0979,106022565
0x9F46A936BE9114bD2f71965a87C003341448b47E,106064701
0xc38464250F51123078BBd7eA574E185F6623d037,106190574
0x3A18dcC9745eDcD1Ef33ecB93b0b6eBA5671e7Ca,106191145
0x2dAD3a13ef0C6366220f989157009e501e7938F8,106483750
0x8901cB2e82CC95c01e42206F8d1F417FE53e7Af0,106483750
0x6c84a8f1c29108F47a79964b5Fe888D4f4D0dE40,106526455
0x88a89866439F4C2830986B79cbe6f69d1Bd548BB,106706408
0x01B8b6384298D4848E3BE63D4C9D17830EeE488A,107020065
0xC1c167CC44f7923cd0062c4370Df962f9DDB16f5,107049015
0x747e42Eb0591547a0ab429B3627816208c734EA7,107097005
0x28b42698Caf46B4B012CF38b6C75867E0762186D,107097169
0x8a6039fC7A479928B1d73f88040362e9C50Db275,107150837
0x1e925De1c68ef83bD98eE3E130eF14a50309C01B,107295068
0xdC6fF44d5d932Cbd77B52E5612Ba0529DC6226F1,107309709
0x1F514A61bcde34F94Bc39731235690ab9da737F7,107535203
0x5976d4c3bcFc1c5f90aB1419D7f3dDF109cEA35a,107653927
0xC03b43d492d904406db2d7D57e67C7e8234bA752,107695941
0xEB466342C4d449BC9f53A865D5Cb90586f405215,107743660
0xb396b31599333739A97951b74652c117BE86eE1D,107960711
0xFf733b2A3557a7ed6697007ab5D11B79FdD1b76B,108088598
0x894134a25a5faC1c2C26F1d8fBf05111a3CB9487,108088598
0xBC7B1Ff1c6989f006a1185318eD4E7b5796e66E1,108179855
0x00e1724885473B63bCE08a9f0a52F35b0979e35A,108554776
0x3eE6107d9C93955acBb3f39871D32B02F82B78AB,108859934
0x33bCa143d9b41322479E8d26072a00a352404721,109423113
0x9dAbAE7274D28A45F0B65Bf8ED201A5731492ca0,109423113
0x0b2C639c533813f4Aa9D7837CAf62653d097Ff85,109731878
0x348Fdfe2c35934A96C1353185F09D0F9efBAdA86,109811010
0x3b08fcd15280e7B5A6e404c4abb87F7C774D1B2e,109896035
0x7D14206C937E70e19E3A5B94011fAF0d5b3928e2,110073685
0xb532178708814F0c174B29B991D2b355106Afbc3,110073824
0x259c1C2ED264402b5ed2f02bc7dC25A15C680c18,110161896
0xc55E93C62874D8100dBd2DfE307EDc1036ad5434,111286426
0xbea586A167853ADddEF12818f264f1F9823fBc18,111286426
0x1574564fCFd15BCCB3FE04E9818F61131eA74066,111294359
0x323665443CEf804A3b5206103304BD4872EA4253,112170507
0x3Eb398fEc5F7327C6b15099a9681d9568ded2e82,112450580
0x58b9cB810A68a7f3e1E4f8Cb45D1B9B3c79705E8,112451012
0x9eFB28060e0c4Ea2538a2B5Ede883E86219182B2,112793909
0x4F604735c1cF31399C6E711D5962b2B3E0225AD3,112925212
0x3B6564b5DA73A41d3A66e6558a98FD0e9E1e77ad,113145772
0x6AF3cb766D6cd37449bfD321D961A61B0515c1BC,113356914
0x2Dd1B4D4548aCCeA497050619965f91f78b3b532,113525597
0x819845b60A192167Ed1139040B4F8ecA31834f27,113699502
0x346e03F8Cce9fE01dCB3d0Da3e9D00dC2c0E08f0,114657077
0x14778860E937f509e651192a90589dE711Fb88a9,115210307
0x17Aabf6838a6303fc6E9C5A227DC1EB6d95c829A,116168942
0x7D14206C937E70e19E3A5B94011fAF0d5b3928e2,116256835
0x66E535e8D2ebf13F49F3D49e5c50395a97C137b1,116769811
0x300d2c875C6fb8Ce4bf5480B4d34b7c9ea8a33A4,117027820
0xf467C7d5a4A9C4687fFc7986aC6aD5A4c81E1404,117121427
0x10398AbC267496E49106B07dd6BE13364D10dC71,117121427
0x79E6c6b6aABA4432FAbacB30cC0C879D8f3E598e,117369149
0xB962150760F9A3bB00e3E9Cf48297EE20AdA4A33,117369165
0x2218a117083f5B482B0bB821d27056Ba9c04b1D3,117463390
0x3Ed9AcAac7Bd974eB83a8eA6432a239e3C829D5D,117476916
0x528CDc92eAB044E1E39FE43B9514bfdAB4412B98,117676949
0x8Fc7C1109c08904160d6AE36482B79814D45eB78,117676949
0xa211E25F7246950E0cCe054e3161C7c0b6379485,117978345
0x0000206329b97DB379d5E1Bf586BbDB969C63274,118578976
0x5d3a1Ff2b6BAb83b63cd9AD0787074081a52ef34,118839015
0x211Cc4DD073734dA055fbF44a2b4667d5E5fE5d2,118839015
0xD9cC3D70E730503E7f28c1B407389198c4B75FA2,118839023
0xc54B43eaF921A5194c7973A4d65E055E5a1453c2,118882870
0x87eEE96D50Fb761AD85B1c982d28A042169d61b1,119108335
0x4186BFC76E2E237523CBC30FD220FE055156b41F,119108335
0x806041B6473DA60abbe1b256d9A2749A151be6C6,119189411
0xe05A08226c49b636ACf99c40Da8DC6aF83CE5bB3,119192449
0x0a7B751FcDBBAA8BB988B9217ad5Fb5cfe7bf7A0,119750422
0xc608Dfb90A430Df79a8a1eDBC8be7f1A0Eb4E763,119798184
0x93C3E0fa191141c957C2632752eC35C84d0C440a,120050158
0x805B93d5ff318Cc054B46d6850aF12fEB55472d6,120359361
0x9d36F8f62347538440a212e9162f534f797542df,120359361
0xf0dC8c9b7E43e8EEF39f0F0CA1C464aB714d7783,120359361
0xfe5B10F053871e66a319a57a16CF4e709f51367F,120704985
0x5A7a183B6B44Dc4EC2E3d2eF43F98C5152b1d76d,121000619
0xd08C3F25862077056cb1b710937576Af899a4959,121008946
0x5A7fACB970D094B6C7FF1df0eA68D99E6e73CBFF,121311862
0xe2dCA969624795985F2f083BcD0b674337ba130a,121311883
0x2416092f143378750bb29b79eD961ab195CcEea5,121608233
0x023550ADDe4FA2F90D63a41D9282BEE0294c04cD,121608233
0x25193034153AfB4251a8E02a8Db0DeaeF4C876F6,122000212
0x084382D1cc4f4DFD1769b1cC1Ac2A9b1f8365e90,122514532
0xB9243C495117343981EC9f8AA2ABfFEe54396Fc0,122514532
0x1eC50880101022C11530A069690F5446d1464592,122514532
0x7a1263eC3Bf0a19e25C553B8A2C312e903262C5E,122514545
0x93919784C523f39CACaa98Ee0a9d96c3F32b593e,122523446
0xdC30b3bdE2734A0Bc55AF01B38943ef04aaCB423,123083795
0x805B93d5ff318Cc054B46d6850aF12fEB55472d6,123083795
0x2bAa7E92F3F14883264BfA63058cC223Ad719438,123083795
0xA88594D404727625A9437C3f886C7643872296AE,123648950
0xc7Edf7B7b3667a06992508e7B156eff794a9e1c8,123726355
0x7e7d4467112689329f7E06571eD0E8CbAd4910eE,124023703
0xadDb6A0412DE1BA0F936DCaeb8Aaa24578dcF3B2,124023703
0xC52D7F23a2e460248Db6eE192Cb23dD12bDDCbf6,124023703
0xAeee995fE9E43c41Ed9f8FA9F0B72F541572E8a5,124590337
0x4E200fE2f3eFb977d5fd9c430A41531FB04d97B8,124934185
0xE974B9b31dBFf4369b94a1bAB5e228f35ed44125,124934185
0x57F5E098CaD7A3D1Eed53991D4d66C45C9AF7812,124934185
0xbC404429558292eE2D769E57d57D6E74bbd2792d,125850641
0x09D9420332bff75522a45FcFf4855F82a0a3ff50,126150605
0x887d1c6A4f3548279c2a8A9D0FA61B5D458d14fC,126444169
0x93919784C523f39CACaa98Ee0a9d96c3F32b593e,126746345
0x374ad0f47f4ca39c78e5cc54f1c9e426ff8f231a,18764080
0xaeee995fe9e43c41ed9f8fa9f0b72f541572e8a5,124590337
0xc03b43d492d904406db2d7d57e67c7e8234ba752,107695941
0x94b008aa00579c1307b0ef2c499ad98a8ce58e58,45712733
0x2218a117083f5b482b0bb821d27056ba9c04b1d3,117463390
0x1f32b1c2345538c0c6f582fcb022739c4a194ebb,23008334
0x3b08fcd15280e7b5a6e404c4abb87f7c774d1b2e,109896035
0xe974b9b31dbff4369b94a1bab5e228f35ed44125,124934185
0xcdb4bb51801a1f399d4402c61bc098a72c382e65,77773241
0x9f46a936be9114bd2f71965a87c003341448b47e,106064701
0xe3ab61371ecc88534c522922a026f2296116c109,27201562
0x259c1c2ed264402b5ed2f02bc7dc25a15c680c18,110161896
0xfdb794692724153d1488ccdbe0c56c252596735f,27629326
0x8ae125e8653821e851f12a49f7765db9a9ce7384,10078905
0x74ccbe53f77b08632ce0cb91d3a545bf6b8e0979,55552562
0x28b42698caf46b4b012cf38b6c75867e0762186d,107097169
0x12ff4a259e14d4dcd239c447d23c9b00f7781d8f,94139016
0x8a6039fc7a479928b1d73f88040362e9c50db275,107150837
0x9bcef72be871e61ed4fbbc7630889bee758eb81d,22123337
0xc54b43eaf921a5194c7973a4d65e055e5a1453c2,118882870
0x79af5dd14e855823fa3e9ecacdf001d99647d043,22122573
0x8fc7c1109c08904160d6ae36482b79814d45eb78,117676949
0xc40f949f8a4e094d1b49a23ea9241d289b7b2819,10078905
0xdb4ea87ff83eb1c80b8976fc47731da6a31d35e5,91946574
0x3e7ef8f50246f725885102e8238cbba33f276747,19651789
0x6c0bc93a4208eb1648af4ed44cb3b4df9547b42b,5790106
0x5d3a1ff2b6bab83b63cd9ad0787074081a52ef34,118839015
0x8700daec35af8ff88c16bdf0418774cb3d7599b4,10078905
0xd652776de7ad802be5ec7bebfafda37600222b48,72316428
0xe05a08226c49b636acf99c40da8dc6af83ce5bb3,119192449
0xfbc4198702e81ae77c06d58f81b629bdf36f0a71,33169015
0xb962150760f9a3bb00e3e9cf48297ee20ada4a33,117369165
0x7e7d4467112689329f7e06571ed0e8cbad4910ee,124023703
0xc608dfb90a430df79a8a1edbc8be7f1a0eb4e763,119798184
0x5d47baba0d66083c52009271faf3f50dcc01023c,41425950
0x2e0a7064a5ba7b9b7499997d91885badd5fc45f6,106135091
0xcb8fa9a76b8e203d8c3797bf438d8fb81ea3326a,10078905
0x25193034153afb4251a8e02a8db0deaef4c876f6,122000212
0xb0b195aefa3650a6908f15cdac7d92f8a5791b0b,46476478
0x970d50d09f3a656b43e11b0d45241a84e3a6e011,80603580
0xee9801669c6138e84bd50deb500827b776777d28,20282805
0x5ae99cce8b5bc9c639a27ccc2c84448c7a6a0a12,24285894
0xfd389dc9533717239856190f42475d3f263a270d,86186526
0x887d1c6a4f3548279c2a8a9d0fa61b5d458d14fc,126444169
0xaf9fe3b5ccdae78188b1f8b9a49da7ae9510f151,35488155
0x0a7b751fcdbbaa8bb988b9217ad5fb5cfe7bf7a0,119750422
0x6c84a8f1c29108f47a79964b5fe888d4f4d0de40,105284790
0x4186bfc76e2e237523cbc30fd220fe055156b41f,119108335
0xb396b31599333739a97951b74652c117be86ee1d,107960711
0x3417e54a51924c225330f8770514ad5560b9098d,30299689
0x3b6564b5da73a41d3a66e6558a98fd0e9e1e77ad,113145772
0x3ee6107d9c93955acbb3f39871d32b02f82b78ab,108859934
0xb532178708814f0c174b29b991d2b355106afbc3,110073824
0x4200000000000000000000000000000000000042,10078905
0xc1c167cc44f7923cd0062c4370df962f9ddb16f5,107049015
0x82ac2ce43e33683c58be4cdc40975e73aa50f459,5790101
0x298b9b95708152ff6968aafd889c6586e9169f1d,16272778
0x79e6c6b6aaba4432fabacb30cc0c879d8f3e598e,117369149
0xd9cc3d70e730503e7f28c1b407389198c4b75fa2,118839023
0x50c5725949a6f0c72e6c4a641f24049a917db0cb,10078905
0xff733b2a3557a7ed6697007ab5d11b79fdd1b76b,82734561
0x6806411765af15bddd26f8f544a34cc40cb9838b,71705351
0x10010078a54396f62c96df8532dc2b4847d47ed3,10078905
0x9e5aac1ba1a2e6aed6b32689dfcf62a509ca96f3,14405849
0xc55e93c62874d8100dbd2dfe307edc1036ad5434,111286426
0x09d9420332bff75522a45fcff4855f82a0a3ff50,126150605
0x4e200fe2f3efb977d5fd9c430a41531fb04d97b8,124934185
0x8901cb2e82cc95c01e42206f8d1f417fe53e7af0,106483750
0x3eb398fec5f7327c6b15099a9681d9568ded2e82,112450580
0x15e770b95edd73fd96b02ece0266247d50895e76,80602290
0x7f5c764cbc14f9669b88837ca1490cca17c31607,10078905
0x6c2f7b6110a37b3b0fbdd811876be368df02e8b0,94136677
0x2dd1b4d4548accea497050619965f91f78b3b532,113525597
0x47536f17f4ff30e64a96a7555826b8f9e66ec468,79119973
0x7d14206c937e70e19e3a5b94011faf0d5b3928e2,110073685
0x93c3e0fa191141c957c2632752ec35c84d0c440a,120050158
0xbc7b1ff1c6989f006a1185318ed4e7b5796e66e1,108179855
0x00a35fd824c717879bf370e70ac6868b95870dfb,96143618
0xc5b001dc33727f8f26880b184090d3e252470d45,86186786
0xd52f94df742a6f4b4c8b033369fe13a41782bf44,14519685
0x9e1028f5f1d5ede59748ffcee5532509976840e0,10078905
0x296f55f8fb28e498b858d0bcda06d955b2cb3f97,94145470
0x9560e827af36c94d2ac33a39bce1fe78631088db,105896880
0x806041b6473da60abbe1b256d9a2749a151be6c6,119189411
0xf1a0da3367bc7aa04f8d94ba57b862ff37ced174,102981659
0xfdeffc7ad816bf7867c642df7ebc2cc5554ec265,75827066
0xd08c3f25862077056cb1b710937576af899a4959,121008946
0xdc30b3bde2734a0bc55af01b38943ef04aacb423,123083795
0x3a18dcc9745edcd1ef33ecb93b0b6eba5671e7ca,106191145
0x2e3d870790dc77a83dd1d18184acc7439a53f475,10078905
0xeb466342c4d449bc9f53a865d5cb90586f405215,107743660
0x323665443cef804a3b5206103304bd4872ea4253,112170507
0xc26921b5b9ee80773774d36c84328ccb22c3a819,92925734
0xb9243c495117343981ec9f8aa2abffee54396fc0,122514532
0xaddb6a0412de1ba0f936dcaeb8aaa24578dcf3b2,124023703
0xdc6ff44d5d932cbd77b52e5612ba0529dc6226f1,107309709
0x3e29d3a9316dab217754d13b28646b76607c5f04,10078905
0x2baa7e92f3f14883264bfa63058cc223ad719438,123083795
0x395ae52bb17aef68c2888d941736a71dc6d4e125,18363908
0xbfd291da8a403daaf7e5e9dc1ec0aceacd4848b9,14406195
0x57f5e098cad7a3d1eed53991d4d66c45c9af7812,124934185
0x9485aca5bbbe1667ad97c7fe7c4531a624c8b1ed,15011807
0x7113370218f31764c1b6353bdf6004d86ff6b9cc,84128056
0x2dad3a13ef0c6366220f989157009e501e7938f8,106483750
0xa50b23cdfb2ec7c590e84f403256f67ce6dffb84,97242089
0x9a2e53158e12bc09270af10c16a466cb2b5d7836,102981659
0x36d21555e65e96ab02da665620e4375a1015e12a,22905421
0xb859f08434e6055c33f204d766d6a95898d37abc,106135091
0x71ed797f5ac67e44a8f59f1ee8d494cbc3f99471,21270573
0x1f514a61bcde34f94bc39731235690ab9da737f7,107535203
0xb0ae108669ceb86e9e98e8fe9e40d98b867855fd,51941035
0x46f21fda29f1339e0ab543763ff683d399e393ec,33711929
0x66e535e8d2ebf13f49f3d49e5c50395a97c137b1,116769811
0x348fdfe2c35934a96c1353185f09d0f9efbada86,109811010
0x88a89866439f4c2830986b79cbe6f69d1bd548bb,106706408
0x5a7facb970d094b6c7ff1df0ea68d99e6e73cbff,121311862
0x211cc4dd073734da055fbf44a2b4667d5e5fe5d2,118839015
0xc3864f98f2a61a7caeb95b039d031b4e2f55e0e9,24285894
0x217d47011b23bb961eb6d93ca9945b7501a5bb11,10078905
0x87eee96d50fb761ad85b1c982d28a042169d61b1,119108335
0xcb59a0a753fdb7491d5f3d794316f1ade197b21e,22339633
0xbc404429558292ee2d769e57d57d6e74bbd2792d,125850641
0xa211e25f7246950e0cce054e3161c7c0b6379485,117978345
0x929b939f8524c3be977af57a4a0ad3fb1e374b50,89996553
0x17aabf6838a6303fc6e9c5a227dc1eb6d95c829a,116168942
0x1610e3c85dd44af31ed7f33a63642012dca0c5a5,105222756
0x9efb28060e0c4ea2538a2b5ede883e86219182b2,112793909
0x00e1724885473b63bce08a9f0a52f35b0979e35a,108554776
0x58b9cb810a68a7f3e1e4f8cb45d1b9b3c79705e8,112451012
0x7a1263ec3bf0a19e25c553b8a2c312e903262c5e,122514545
0x10398abc267496e49106b07dd6be13364d10dc71,117121427
0xfe5b10f053871e66a319a57a16cf4e709f51367f,120704985
0xca98d642e158c3016e1c75dbcc3d5ecfe3e02a19,33718275
0xe405de8f52ba7559f9df3c368500b6e6ae6cee49,13400353
0x300d2c875c6fb8ce4bf5480b4d34b7c9ea8a33a4,117027820
0x68f180fcce6836688e9084f035309e29bf0a2095,13899647
0xe2dca969624795985f2f083bcd0b674337ba130a,121311883
0x1e925de1c68ef83bd98ee3e130ef14a50309c01b,107295068
0x73cb180bf0521828d8849bc8cf2b920918e23032,21032122
0x6ca558bd3eab53da1b25ab97916dd14bf6cfee4e,18632617
0x33bca143d9b41322479e8d26072a00a352404721,109423113
0x5a5fff6f753d7c11a56a52fe47a177a87e431655,16314546
0xb153fb3d196a8eb25522705560ac152eeec57901,20886404
0x3c8b650257cfb5f272f799f5e2b4e65093a11a05,10078905
0x4e720dd3ac5cfe1e1fbde4935f386bb1c66f4642,23008229
0x9dabae7274d28a45f0b65bf8ed201a5731492ca0,109423113
0x5976d4c3bcfc1c5f90ab1419d7f3ddf109cea35a,107653927
0x1574564fcfd15bccb3fe04e9818f61131ea74066,111294359
0xd8737ca46aa6285de7b8777a8e3db232911bad41,94136677
0x01b8b6384298d4848e3be63d4c9d17830eee488a,107020065
0x747e42eb0591547a0ab429b3627816208c734ea7,107097005
0xa00e3a3511aac35ca78530c85007afcd31753819,29133001
0x8b21e9b7daf2c4325bf3d18c1beb79a347fe902a,79577920
0x93919784c523f39cacaa98ee0a9d96c3f32b593e,122523446
0x2416092f143378750bb29b79ed961ab195cceea5,121608233
0xda10009cbd5d07dd0cecc66161fc93d7c9000da1,10078905
0xca0e54b636db823847b29f506bffee743f57729d,94136677
0xe4d8701c69b3b94a620ff048e4226c895b67b2c0,105222756
0x0a05b183561bbe367ee8db6f7450ba78680a6bdc,22892220
0x340fe1d898eccaad394e2ba0fc1f93d27c7b717a,74168139
0x676f784d19c7f1ac6c6beaeaac78b02a73427852,21057601
0x4f604735c1cf31399c6e711d5962b2b3e0225ad3,112925212
0x85f6583762bc76d775eab9a7456db344f12409f7,13899504
0x084382d1cc4f4dfd1769b1cc1ac2a9b1f8365e90,122514532
0x67ccea5bb16181e7b4109c9c2143c24a1c2205be,10078905
0xf98dcd95217e15e05d8638da4c91125e59590b07,81466374
0x39fde572a18448f8139b7788099f0a0740f51205,22555856
0xc7edf7b7b3667a06992508e7b156eff794a9e1c8,123726355
0x9c9e5fd8bbc25984b178fdce6117defa39d2db39,72677708
0x2513486f18eee1498d7b6281f668b955181dd0d9,25421486
0xc5102fe9359fd9a28f877a67e36b0f050d81a3cc,28711562
0x09448876068907827ec15f49a8f1a58c70b04d45,18633102
0x023550adde4fa2f90d63a41d9282bee0294c04cd,121608233
0xf0dc8c9b7e43e8eef39f0f0ca1c464ab714d7783,120359361
0x0000206329b97db379d5e1bf586bbdb969c63274,118578976
0xbea586a167853adddef12818f264f1f9823fbc18,111286426
0x5a7a183b6b44dc4ec2e3d2ef43f98c5152b1d76d,121000619
0x920cf626a271321c151d027030d5d08af699456b,47215983
0x1ec50880101022c11530a069690f5446d1464592,122514532
0xa88594d404727625a9437c3f886c7643872296ae,123648950
0x139283255069ea5deef6170699aaef7139526f1f,43297589
0x7ae97042a4a0eb4d1eb370c34bfec71042a056b7,19800367
0x819845b60a192167ed1139040b4f8eca31834f27,113699502
0xf467c7d5a4a9c4687ffc7986ac6ad5a4c81e1404,117121427
0x805b93d5ff318cc054b46d6850af12feb55472d6,120359361
0x3ed9acaac7bd974eb83a8ea6432a239e3c829d5d,117476916
0xc38464250f51123078bbd7ea574e185f6623d037,106190574
0x9d36f8f62347538440a212e9162f534f797542df,120359361
0x375488f097176507e39b9653b88fdc52cde736bf,17488313
0xdfa46478f9e5ea86d57387849598dbfb2e964b02,12739830
0x8c6f28f2f1a3c87f0f938b96d27520d9751ec8d9,10078905
0x6af3cb766d6cd37449bfd321d961a61b0515c1bc,113356914
0x528cdc92eab044e1e39fe43b9514bfdab4412b98,117676949
0xc46fedc533e9f14c99c4c5124e2085701fa9b255,16314674
0x14778860e937f509e651192a90589de711fb88a9,115210307
0x1db2466d9f5e10d7090e7152b68d62703a2245f0,25332829
0x894134a25a5fac1c2c26f1d8fbf05111a3cb9487,108088598
0x484c2d6e3cdd945a8b2df735e079178c1036578c,73016222
0xc52d7f23a2e460248db6ee192cb23dd12bddcbf6,124023703
0x61baadcf22d2565b0f471b291c475db5555e0b76,105896880
0x346e03f8cce9fe01dcb3d0da3e9d00dc2c0e08f0,114657077